customer_id,customer_name,email,phone_number,address
CUST001,Margaret Burns,christopher85@example.org,726.813.8397x426,"75338 Ruben Streets Suite 352
Lake Williamborough, MH 26135"
CUST002,Catherine Shaw,, ,"339 Shawn Neck Apt. 074
Melissastad, AZ 43935"
CUST003,Crystal Palmer,nroberts@example.org,,"91475 Dickson Shores
Williamsstad, UT 41864"
CUST004,Megan Thompson,murrayolivia@example.net,, 
CUST005,Valerie Cuevas,caleb22@example.com,+1-776-669-9551x39035,"88400 Elizabeth Light
Lake Kevinton, MP 62279"
CUST006,Scott Good,amanda17@example.com,2054702923,"5532 Rush Garden
South Danieltown, NY 48058"
CUST007,Joshua Sullivan,amartinez@example.com, ,"44052 Carol Vista Suite 008
East Ianmouth, VT 11529"
CUST008,Kelly Evans,timothy18@example.org,(290)833-9047x8387,"57709 Ariel Loop
Lake Deniseport, OR 43288"
CUST009,Mandy Foster,espinozasamantha@example.net,001-252-402-6164x8317,
CUST010,Roy Willis,oalexander@example.com,,
CUST011,Sandra Hurley,wardjames@example.org,+1-564-819-8016,
CUST012,Jenny Pitts,johnmoore@example.com,(743)544-9145x3341,"239 Dean Burgs
Lake Davidport, IN 50630"
CUST013,Joanna Rose,,(279)994-7846x52084, 
CUST014,Mrs. Elizabeth Garcia,nathanavila@example.com,(456)868-8170x90304,"9271 Susan Drive
Port Rogerport, WY 72868"
CUST015,Amanda Williams,kaylaedwards@example.com,+1-900-722-5676x56449,"530 Janice Street Apt. 273
South Susan, OH 90352"
CUST016,Krista Butler,katherinekeith@example.org,+1-432-216-4881x045,"99688 Grimes Lodge Apt. 436
Farrellborough, VT 55520"
CUST017,Katie Brady,msmith@example.net,815-382-1038x39875,
CUST018,Michael Flynn,qwright@example.net,(914)755-9454x435,"989 Carney Centers Apt. 264
Contrerastown, MS 93629"
CUST019,Glenn Owen,gnguyen@example.net,221-640-9637,"5244 Daniel Brooks Apt. 580
Garciaville, LA 15820"
CUST020,,kayla40@example.net,(879)266-5066,"8655 Darlene Valleys Suite 066
Caitlinfort, RI 87195"
CUST021,,,3578925349,"07903 Lauren Place
Smithborough, SC 06825"
CUST022,Kenneth Lowe,,268-849-6633,"375 Gonzalez Dam Apt. 583
New Kevinton, LA 58470"
CUST023,Catherine Rivera,carol59@example.com,, 
CUST024,Kerry Hays,davidlarson@example.com,672-555-6746,"519 Jared Green Suite 032
Ayersshire, CA 84394"
CUST025,Jonathan Gibson,micheal42@example.net,(481)622-9268,"0408 Compton Crossroad Suite 668
New Kayla, ND 98131"
CUST026,Mr. Joseph Cunningham DDS,hammondjames@example.com,+1-508-387-8167x8930,"4546 Matthew Mission Apt. 540
Natalieberg, RI 50026"
CUST027,Douglas Cain,ubrooks@example.net,(705)866-9696,"139 Stokes Gateway
East Stephen, AR 07408"
CUST028,Michelle Frost,melindafranklin@example.org,228.336.2652x552,"224 Thompson Divide Suite 361
Port Frances, RI 71463"
CUST029,,cainperry@example.net,716-798-0043x27788,"04948 Cesar Trail
Johnbury, NM 13985"
CUST030,Vanessa Murray,justin81@example.org,993-765-9746x6248,"9745 Kim Stream Suite 504
Schultzchester, RI 08553"
CUST031,Brandon Silva,marshstephanie@example.net,(734)326-9016,
CUST032,Lisa Vasquez,paulcruz@example.com,(676)884-7923x6657,"8557 Joshua Plains Suite 516
South Robert, CT 72137"
CUST033,,annamckenzie@example.net,(523)734-7159x36539,"968 Brian Spring Apt. 045
Johnstonside, MD 64793"
CUST034,Justin Phillips, , ,"Unit 2281 Box 2342
DPO AA 13960"
CUST035,Sandy Conrad,pmitchell@example.net,(272)340-7356x731,"10908 Timothy Forges
Gonzalesburgh, AL 28344"
CUST036,Joseph Martin,sarah86@example.org,408-253-7910,
CUST037,,cindy15@example.com,413.314.2172x62214, 
CUST038,,paulsamuel@example.com, ,"3456 Chelsey Vista Apt. 749
South Kathleenport, WV 13690"
CUST039, ,,(366)524-9659x736,"7618 Solis Cape
South Elizabeth, NE 62881"
CUST040, ,brian96@example.net,001-798-707-9578x17283,"010 Nicholas Mission Apt. 664
Kathleenland, PR 61713"
CUST041,Melinda Perkins,brucehughes@example.net,001-484-358-8132x4823,"6427 Baker Road
Campbelltown, ME 15973"
CUST042,Troy King,ruizjohn@example.com,(946)704-4584x300,
CUST043,Hunter Brown,johncarter@example.com,+1-451-588-8198x802,
CUST044,Corey Jimenez,carol09@example.org, ,"54950 White Cove Apt. 972
Port Cindyborough, WV 35649"
CUST045,Jennifer Martinez,whitelisa@example.com,776.610.9629x577, 
CUST046,Phillip Blevins,michaelavila@example.com,+1-233-995-4314x938,"26061 Gibson Road Suite 914
West Dustinton, NH 40903"
CUST047,Amanda Campbell,aguilarlisa@example.org,676-649-4804x8866,"193 Price Row
Whitefurt, MS 23299"
CUST048,Margaret Wood, ,+1-862-814-5672x447,
CUST049,Andrew Sanchez,williamsheather@example.com,297-592-1008,"471 Caldwell Causeway
Robbinsville, NY 08265"
CUST050,Chad White, ,409-835-5301x95603,"345 Timothy River Suite 471
Andreashire, AL 81377"
CUST051,Michelle Huynh,shawnhale@example.net, ,"USNV Calderon
FPO AE 33713"
CUST052,Katie Murphy,melissa37@example.org,(952)485-1516,"7095 Richard Fall Suite 431
Carpenterberg, CA 62736"
CUST053,Jennifer Barnes,eroberts@example.net,225-397-7656x70428,
CUST054,Erin Harper, ,559.429.0402,"4197 Tammy Manors Apt. 652
Ericshire, DC 77351"
CUST055,James Foster,washingtonmichael@example.org,,"9517 Chad Hollow Suite 280
Angelamouth, IL 68240"
CUST056,Heather Rodriguez,,740.729.4323x598,"304 Amy Burg
Port Isaac, AZ 47091"
CUST057,Ashley Webb,carlamedina@example.org,715.649.9268,"32337 Sarah Ridge
Lake Joseberg, NY 17100"
CUST058,Bradley Espinoza,samanthacollins@example.com,302.799.1315x0309,"972 Susan Mountain
Smithhaven, MT 51345"
CUST059,Amber Brown,sean82@example.net,367.988.3312x662,"87913 Derek Fords
Lewischester, MH 15634"
CUST060,Gabriel Lopez,wrightamanda@example.com,,"9554 Rogers Wall Suite 340
North Christopherhaven, LA 94080"
CUST061,Amber Garrett,emilyallen@example.net,(379)845-2375x6287,
CUST062,,isaac44@example.net,001-448-354-7079x0408,"2150 Rodriguez Coves
North Rachelstad, NJ 55139"
CUST063,Eric Moore,erinflynn@example.net,464-552-8696x818,"77575 Joseph Circles
Lake Brianberg, OK 94235"
CUST064,Gabriel Buchanan,michaelvega@example.com,+1-732-791-9069,"1621 Courtney Trail Apt. 326
Isabellatown, NC 21110"
CUST065,Mason Sanders,david74@example.net,(707)883-3033,"929 Morales Cove Apt. 207
Michaelmouth, NC 23603"
CUST066,Steven Aguirre,pamelamorgan@example.org,001-836-303-3575x804,"41827 Christopher Unions
West Jason, KS 00991"
CUST067,Andrew Mccarty,patricia78@example.org,+1-513-423-0634x8399,"049 Gardner Garden Suite 145
North Christopher, MP 82501"
CUST068,Wayne Francis,amyrichards@example.com,(902)667-9524x1754,"81119 Kevin Skyway Suite 307
South Randy, FM 32979"
CUST069,Walter Dennis,johnevans@example.net,(979)339-2828x39138,"PSC 9389, Box 7273
APO AE 93183"
CUST070,Brian Reed,vbarnett@example.net,942.964.1593,"3909 Evan Cliff
Jeffersonborough, PA 40854"
CUST071,,tommy07@example.org,001-557-368-5492,
CUST072,Katherine Gonzalez,carlymurillo@example.org,975.327.7737x940,"58588 Cox Oval Suite 987
West Fernandoshire, WY 27874"
CUST073,Janice Webster,abruce@example.org,4398676605,"1240 Curtis Valleys
East Sean, AR 44562"
CUST074,Michael Calhoun,xgilmore@example.net,001-365-623-4457x8668,"922 Thomas Square Suite 179
Weaverstad, AS 30909"
CUST075,Roy Jimenez,fgonzalez@example.net,6749333430,"91478 Adam Valley
Vaughnfurt, PW 68093"
CUST076,Kevin Everett, ,(309)673-2613x485,"1537 Jacobs Ranch Apt. 860
Sydneyfurt, SD 47173"
CUST077,,maria41@example.net,,"543 Derek Pines
West Brian, MA 34271"
CUST078,Carolyn Price,tonycastillo@example.org,001-624-770-5931x163,"0416 Rodgers Lake
Williamsfort, PW 70083"
CUST079,Stephen Warren,matthew87@example.org,471.349.9436x85145,"719 Jones Spurs
New Jacquelineport, IL 36201"
CUST080,Kenneth Velasquez,jacksonchristopher@example.net,302.452.9452x170,"786 Murphy Prairie
Jerryville, AS 72122"
CUST081,Jared Reyes, ,001-345-483-4327x591,"95059 Carol Rapid Suite 904
New Jasmine, TN 21769"
CUST082,,nblanchard@example.com,506-216-8802x514,"1316 Jonathan Ranch
Port Joseph, NM 01931"
CUST083,Robert Torres,cheryl83@example.net,608-389-4482x9917,"3232 Lisa Drive Suite 979
Brianmouth, MO 62177"
CUST084,Donna Hernandez,,339-891-6961x40536,"975 Derrick Cliffs
Christiefurt, WA 79610"
CUST085,James Perkins,rtran@example.com,,"USNS Stewart
FPO AA 84657"
CUST086,Kyle Davis,,+1-698-792-1271,"9727 Gonzalez Avenue
Triciaville, NJ 70507"
CUST087,Darrell Manning,elizabethpayne@example.com,526.529.5844x326,
CUST088,John Pena,kwong@example.net,538-410-9825x3974,
CUST089,Kim Robinson,sbranch@example.com,001-347-750-2145x756,"02825 Brooks Skyway
New Chad, KS 10641"
CUST090,John Butler,shaunibarra@example.com,390-788-7790x4132,"64804 Denise Meadow Apt. 765
Barnesland, NM 46684"
CUST091,Yvette Harris,omar33@example.org,(221)548-8478x414,"Unit 0367 Box 7936
DPO AA 27126"
CUST092,Zachary Stewart,davidmathews@example.com,899.972.9975x3461,"27743 Newman Mews Apt. 361
South Karen, MH 53234"
CUST093,Jay Romero,jonessarah@example.com,001-312-705-1033x64024,"Unit 2207 Box 3243
DPO AP 14759"
CUST094,Michael Collins,walshtrevor@example.com,469-445-1999,"309 Kirsten Expressway Apt. 498
East Ashley, UT 14170"
CUST095,,courtney13@example.com,690-512-9694,"476 Butler Plains Apt. 472
Gillbury, GA 41787"
CUST096,Travis Hancock,teresaburke@example.org,414.815.2902,
CUST097,Andrew Perry,pthornton@example.com,+1-480-764-6805,"337 Brandon Mall Apt. 170
Weissborough, SD 84340"
CUST098,Vincent Krueger,pallen@example.com, ,"65988 Abigail Centers
Williamville, CA 53877"
CUST099,Michelle Turner,igonzales@example.net, ,"08577 Kennedy Camp
Gilbertbury, DC 91011"
CUST100,Michael Watkins,bhall@example.com,+1-610-953-5371x5559,
