product_id,product_name,price,category
PROD001,Federal,50.68,church
PROD002,Memory,75.66,community
PROD003,Policy,22.09,whom
PROD004,Quality,,
PROD005,Fund,62.89,term
PROD006,Film,85.68,sing
PROD007, ,96.05,tonight
PROD008,Rich,6.17,
PROD009,Citizen,39.83,hard
PROD010,Like,,military
PROD011,Cell,56.0,rock
PROD012,Impact,,resource
PROD013,,89.94,drive
PROD014,Knowledge,80.33,yard
PROD015,These,67.12,
PROD016,Possible,98.46,get
PROD017,Within,67.45,country
PROD018,Voice,13.56,sport
PROD019,Movement,17.49,plan
PROD020,Suffer,58.27,keep
PROD021, ,29.67, 
PROD022,Plant,40.47,suggest
PROD023,,95.5,
PROD024,Itself,79.98,no
PROD025,Against,29.85,hair
PROD026,Reflect, ,second
PROD027,White,12.97,administration
PROD028,Various,40.92,ago
PROD029,,34.4,firm
PROD030,Movement,8.51, 
PROD031,Member,86.83,true
PROD032, ,83.38,develop
PROD033,,56.39,life
PROD034,Money,88.79,place
PROD035,Stand,69.27,machine
PROD036,Most,89.72,tonight
PROD037,,52.37,table
PROD038,Opportunity,90.23,five
PROD039,Nothing,69.8,hundred
PROD040,,37.8,blood
PROD041,,83.16,available
PROD042,Food,70.8,statement
PROD043,Notice,50.63,
PROD044,Rest,70.24,sometimes
PROD045,About,75.33,around
PROD046, ,68.7,town
PROD047, ,25.98,never
PROD048,,89.66,sound
PROD049,Century,30.28, 
PROD050,Bed,28.57, 
PROD051,Good,71.1,woman
PROD052,Always,78.85,nation
PROD053,Something,,church
PROD054,Reduce,,
PROD055,Fall,73.88,it
PROD056,Yes,28.64,suffer
PROD057,Site,15.28,over
PROD058,National,8.69,everybody
PROD059,Wear,5.98,major
PROD060,Series,14.35,left
PROD061,Make,,anyone
PROD062,Image,97.94,ago
PROD063,Ready,51.03,
PROD064,Dream,39.55,seek
PROD065,Move,30.49,administration
PROD066,Bank,,test
PROD067,Leg,5.4,start
PROD068,Candidate,76.0,service
PROD069,Decade,62.88,forward
PROD070,Executive,85.39,threat
PROD071,Material,,skill
PROD072,Peace,18.88,speech
PROD073,,81.1,weight
PROD074,, ,husband
PROD075,Fall,23.87,
PROD076,Send,75.96,eye
PROD077,Drug,58.54,receive
PROD078,Rock,,idea
PROD079,Then,95.55,that
PROD080,Strategy,5.62,understand
PROD081,Create,49.16,term
PROD082,Little,46.28,live
PROD083,Eight,82.35,artist
PROD084,This,11.68,mission
PROD085,Large,87.72,someone
PROD086,Mouth,7.71,begin
PROD087,Recently,91.83,
PROD088,Natural,15.53,learn
PROD089,Girl,,more
PROD090,,90.78,painting
PROD091,Such,81.76,go
PROD092,Hit,,window
PROD093,Surface,79.67,food
PROD094,Possible,85.85,nation
PROD095,Low,78.47,establish
PROD096,Method,9.51,
PROD097,Cause,9.23,continue
PROD098,,43.56,leader
PROD099, ,58.26,matter
PROD100,Tv,64.75,free
